FID,LSOAGSSCD,LSOAONSCD,Area,BoundaryLe,WardGSSCD,WardONSCD,WardName,Shape__Area,Shape__Length
1,E01018386,Cheshire East 042A,1019450.212,7851.205548,E05008611,00EQNF,Alsager,2824468.018,13066.83681
2,E01018387,Cheshire East 040A,1650190.267,9025.602414,E05008611,00EQNF,Alsager,4573645.135,15027.00986
3,E01018388,Cheshire East 040B,394215.7744,3066.442591,E05008611,00EQNF,Alsager,1092272.614,5103.478572
4,E01018389,Cheshire East 040C,950171.5983,6202.276943,E05008611,00EQNF,Alsager,2631946.261,10320.9354
5,E01018390,Cheshire East 040D,2276905.64,7685.046574,E05008611,00EQNF,Alsager,6304770.155,12786.18219
6,E01018391,Cheshire East 042B,2311786.07,8068.509632,E05008611,00EQNF,Alsager,6402091.889,13426.60615
7,E01018392,Cheshire East 042C,467540.3578,5450.117556,E05008611,00EQNF,Alsager,1295251.642,9070.937148
8,E01018393,Cheshire East 022A,40507741.44,49925.70739,E05008644,00EQPR,Odd Rode,112543719.2,83220.07575
9,E01018394,Cheshire East 033A,42279853.34,59357.29637,E05008614,00EQNJ,Brereton Rural,117515982.5,98953.98703
10,E01018395,Cheshire East 026A,4289909.992,13746.45594,E05008618,00EQNN,Congleton East,11928558.18,22924.63355
11,E01018396,Cheshire East 026B,362789.822,4316.077388,E05008618,00EQNN,Congleton East,1008701.65,7197.209773
12,E01018397,Cheshire East 028A,1094485.939,6296.761324,E05008619,00EQNP,Congleton West,3041101.286,10498.23825
13,E01018398,Cheshire East 027A,418465.4663,3993.969867,E05008619,00EQNP,Congleton West,1162756.17,6658.035363
14,E01018399,Cheshire East 027B,665711.0019,3813.811066,E05008619,00EQNP,Congleton West,1849578.431,6355.463609
15,E01018400,Cheshire East 026C,598937.0464,4455.051842,E05008618,00EQNN,Congleton East,1664556.686,7426.977866
16,E01018401,Cheshire East 026D,413383.1229,3384.930126,E05008618,00EQNN,Congleton East,1148652.071,5641.392737
17,E01018402,Cheshire East 027C,688381.005,5519.902101,E05008619,00EQNP,Congleton West,1913276.012,9200.499189
18,E01018403,Cheshire East 027D,871879.0246,4842.15989,E05008619,00EQNP,Congleton West,2424042.441,8074.151839
19,E01018404,Cheshire East 029A,2280095.724,7578.011171,E05008618,00EQNN,Congleton East,6331282.638,12629.88834
20,E01018405,Cheshire East 029B,362683.5758,4205.988794,E05008618,00EQNN,Congleton East,1007645.671,7009.245239
21,E01018406,Cheshire East 029C,7577066.666,15435.32481,E05008618,00EQNN,Congleton East,21059421.48,25739.67627
22,E01018407,Cheshire East 029D,859251.1047,5579.785775,E05008618,00EQNN,Congleton East,2386652.432,9297.391183
23,E01018408,Cheshire East 028B,702929.0383,4607.491951,E05008619,00EQNP,Congleton West,1954029.695,7681.813021
24,E01018409,Cheshire East 028C,648765.4934,4608.787659,E05008619,00EQNP,Congleton West,1803115.764,7683.872284
25,E01018410,Cheshire East 028D,718396.9855,5455.80966,E05008619,00EQNP,Congleton West,1996188.009,9093.853622
26,E01018411,Cheshire East 022B,10544389.77,23705.21722,E05008626,00EQNX,Dane Valley,29374926.72,39567.56396
27,E01018412,Cheshire East 022C,21771188.32,34604.43722,E05008626,00EQNX,Dane Valley,60658611.98,57765.13734
28,E01018413,Cheshire East 023A,2047932.01,10502.72685,E05008626,00EQNX,Dane Valley,5700578.003,17525.1554
29,E01018414,Cheshire East 023B,1922739.25,9044.169684,E05008626,00EQNX,Dane Valley,5352357.508,15086.71625
30,E01018415,Cheshire East 023C,609882.4109,6963.536543,E05008626,00EQNX,Dane Valley,1697733.812,11617.97819
31,E01018416,Cheshire East 023D,572655.4765,6041.582112,E05008626,00EQNX,Dane Valley,1593791.543,10076.99138
32,E01018417,Cheshire East 033B,4498172.594,14683.81083,E05008644,00EQPR,Odd Rode,12461634.63,24441.30417
33,E01018418,Cheshire East 033C,16196271.12,24322.69931,E05008614,00EQNJ,Brereton Rural,44922359.67,40508.48957
34,E01018419,Cheshire East 025A,929217.6606,5687.068638,E05008640,00EQPM,Middlewich,2583541.368,9484.266332
35,E01018420,Cheshire East 025B,530040.5262,3914.913472,E05008640,00EQPM,Middlewich,1475232.338,6531.374049
36,E01018421,Cheshire East 025C,788582.2498,7383.232254,E05008640,00EQPM,Middlewich,2193126.691,12314.41573
37,E01018422,Cheshire East 025D,3277060.51,12260.35593,E05008640,00EQPM,Middlewich,9115387.47,20449.76523
38,E01018423,Cheshire East 025E,254059.9099,4117.403564,E05008640,00EQPM,Middlewich,706571.8975,6867.875399
39,E01018424,Cheshire East 024A,684327.2974,5816.21325,E05008640,00EQPM,Middlewich,1904588.129,9703.569118
40,E01018425,Cheshire East 024B,480196.2795,5119.77371,E05008640,00EQPM,Middlewich,1336083.499,8539.852885
41,E01018426,Cheshire East 024C,333721.5962,4104.337252,E05008640,00EQPM,Middlewich,928373.1299,6847.528884
42,E01018427,Cheshire East 024D,721182.7528,4894.984148,E05008640,00EQPM,Middlewich,2005706.261,8165.809811
43,E01018428,Cheshire East 033D,3483339.263,12479.64872,E05008644,00EQPR,Odd Rode,9658877.876,20781.41232
44,E01018429,Cheshire East 033E,1573288.196,9329.030088,E05008644,00EQPR,Odd Rode,4361283.146,15533.43001
45,E01018430,Cheshire East 033F,843310.1781,4458.683894,E05008644,00EQPR,Odd Rode,2338570.28,7428.30972
46,E01018431,Cheshire East 033G,9490248.715,18411.06129,E05008644,00EQPR,Odd Rode,26318198.75,30660.42935
47,E01018432,Cheshire East 032A,438356.2813,4069.954332,E05008650,00EQPY,Sandbach Heath and East,1216658.661,6781.207897
48,E01018433,Cheshire East 032B,1328034.91,5845.208658,E05008650,00EQPY,Sandbach Heath and East,3687433.498,9739.482947
49,E01018434,Cheshire East 032C,1226517.428,8304.442523,E05008650,00EQPY,Sandbach Heath and East,3404236.27,13835.68203
50,E01018435,Cheshire East 032D,557236.695,4832.334793,E05008650,00EQPY,Sandbach Heath and East,1546999.492,8051.714449
51,E01018436,Cheshire East 030A,835480.9862,4630.002698,E05008648,00EQPW,Sandbach Elworth,2320550.221,7718.137425
52,E01018437,Cheshire East 030B,398337.0443,4282.669424,E05008651,00EQPZ,Sandbach Town,1106088.055,7134.755708
53,E01018438,Cheshire East 030C,1157061.671,6667.821404,E05008651,00EQPZ,Sandbach Town,3213738.966,11112.38989
54,E01018439,Cheshire East 030D,2248071.292,10464.9741,E05008651,00EQPZ,Sandbach Town,6244468.61,17440.06444
55,E01018440,Cheshire East 031A,934420.4532,6022.008242,E05008648,00EQPW,Sandbach Elworth,2595148.989,10038.59452
56,E01018441,Cheshire East 031B,1296763.614,6770.171769,E05008649,00EQPX,Sandbach Ettiley Heath and Wheelock,3599258.206,11282.6744
57,E01018442,Cheshire East 031C,1638238.582,8491.24961,E05008648,00EQPW,Sandbach Elworth,4547572.719,14144.41513
58,E01018443,Cheshire East 031D,2971295.543,9086.528252,E05008649,00EQPX,Sandbach Ettiley Heath and Wheelock,8242665.631,15133.9988
59,E01018444,Cheshire East 049A,45025844.2,54229.94604,E05008616,00EQNL,Bunbury,124484581,90182.63266
60,E01018445,Cheshire East 045A,723657.4052,4990.341025,E05008624,00EQNU,Crewe South,2003497.902,8304.152787
61,E01018446,Cheshire East 045B,351842.5719,4131.219887,E05008624,00EQNU,Crewe South,973939.8751,6872.483284
62,E01018447,Cheshire East 045C,210931.4936,3181.731877,E05008624,00EQNU,Crewe South,584082.6399,5294.552559
63,E01018448,Cheshire East 045D,380190.3761,4134.676679,E05008624,00EQNU,Crewe South,1052615.182,6878.67582
64,E01018449,Cheshire East 051A,19607208.66,26991.09529,E05008612,00EQNG,Audlem,54029635.07,44805.0259
65,E01018450,Cheshire East 051B,41578631.49,53509.086,E05008612,00EQNG,Audlem,114613165.1,88841.36729
66,E01018451,Cheshire East 047A,246056.8665,3202.484553,E05008642,00EQPP,Nantwich North and West,680800.0231,5326.354454
67,E01018452,Cheshire East 050A,228392.7538,2686.770509,E05008642,00EQPP,Nantwich North and West,631746.5847,4467.186082
68,E01018454,Cheshire East 047B,246072.7543,3253.383118,E05008642,00EQPP,Nantwich North and West,680987.8535,5413.211526
69,E01018455,Cheshire East 047C,1479702.433,7345.952856,E05008642,00EQPP,Nantwich North and West,4095853.377,12223.08944
70,E01018456,Cheshire East 047D,572431.6083,4911.274935,E05008642,00EQPP,Nantwich North and West,1583752.852,8168.453793
71,E01018457,Cheshire East 047E,279982.8076,2996.470372,E05008643,00EQPQ,Nantwich South and Stapeley,774537.76,4981.853494
72,E01018458,Cheshire East 051C,22728498.13,29221.15505,E05008616,00EQNL,Bunbury,63048731.49,48668.89283
73,E01018459,Cheshire East 036A,239535.2477,2775.132833,E05008622,00EQNS,Crewe North,664026.8529,4620.068954
74,E01018460,Cheshire East 036B,328867.4585,3394.987606,E05008622,00EQNS,Crewe North,911595.4017,5653.641494
75,E01018461,Cheshire East 036C,313548.2103,3325.078545,E05008622,00EQNS,Crewe North,869051.9152,5535.388484
76,E01018462,Cheshire East 039A,383001.1179,4337.04398,E05008620,00EQNQ,Crewe Central,1061251.919,7219.298647
77,E01018463,Cheshire East 035A,322395.6942,4060.600222,E05008621,00EQNR,Crewe East,893413.0308,6758.200628
78,E01018464,Cheshire East 039B,730642.2924,4844.645761,E05008621,00EQNR,Crewe East,2024234.648,8064.44118
79,E01018465,Cheshire East 041A,30878078.09,29988.73913,E05008630,00EQPB,Haslington,85465187.3,49888.27294
80,E01018466,Cheshire East 036D,348583.5419,3543.329453,E05008623,00EQNT,Crewe St Barnabas,966009.8262,5897.6685
81,E01018467,Cheshire East 036E,491089.1485,5423.631265,E05008620,00EQNQ,Crewe Central,1360676.706,9024.050496
82,E01018468,Cheshire East 041B,431322.5132,5032.12042,E05008630,00EQPB,Haslington,1194998.327,8373.871984
83,E01018469,Cheshire East 041C,5175092.126,17136.99489,E05008630,00EQPB,Haslington,14347417.64,28531.78014
84,E01018470,Cheshire East 041D,3458107.709,12508.41717,E05008630,00EQPB,Haslington,9585444.703,20820.85665
85,E01018471,Cheshire East 041E,426316.1706,5489.8948,E05008630,00EQPB,Haslington,1181352.516,9139.609224
86,E01018472,Cheshire East 034A,259891.817,3380.166758,E05008622,00EQNS,Crewe North,720598.1611,5627.700104
87,E01018473,Cheshire East 034B,268742.9742,3581.938445,E05008633,00EQPE,Leighton,745160.8059,5965.569085
88,E01018474,Cheshire East 034C,332093.2894,3085.402807,E05008633,00EQPE,Leighton,920747.2781,5138.417526
89,E01018475,Cheshire East 034D,415948.2744,3774.600237,E05008633,00EQPE,Leighton,1153595.222,6287.520772
90,E01018476,Cheshire East 035B,195589.0882,3020.309789,E05008621,00EQNR,Crewe East,542119.7814,5030.074867
91,E01018477,Cheshire East 035C,466412.9541,4153.861152,E05008621,00EQNR,Crewe East,1292727.016,6915.622849
92,E01018478,Cheshire East 035D,1070977.776,6915.031742,E05008621,00EQNR,Crewe East,2969247.507,11514.68244
93,E01018479,Cheshire East 035E,2093164.121,8113.118201,E05008621,00EQNR,Crewe East,5804625.689,13511.35158
94,E01018480,Cheshire East 049B,60746104.14,53540.81838,E05008616,00EQNL,Bunbury,168539824.4,89181.55664
95,E01018481,Cheshire East 051D,65792696.69,50569.75354,E05008660,00EQQJ,Wrenbury,182108644.8,84132.32097
96,E01018482,Cheshire East 037A,2179086.655,7953.135844,E05008625,00EQNW,Crewe West,6037608.424,13237.69236
97,E01018483,Cheshire East 037B,791377.3493,5352.071711,E05008625,00EQNW,Crewe West,2192690.984,8907.053638
98,E01018484,Cheshire East 037C,804859.6743,5118.59148,E05008623,00EQNT,Crewe St Barnabas,2230927.714,8520.195379
99,E01018485,Cheshire East 037D,213813.0556,2203.241638,E05008623,00EQNT,Crewe St Barnabas,592521.6642,3666.941404
100,E01018486,Cheshire East 043A,283679.6702,3547.30691,E05008624,00EQNU,Crewe South,785667.8059,5902.777549
101,E01018487,Cheshire East 043B,166583.9006,2486.86092,E05008624,00EQNU,Crewe South,461406.1174,4138.127625
102,E01018488,Cheshire East 043C,470585.6919,3631.975919,E05008625,00EQNW,Crewe West,1303190.471,6043.201567
103,E01018489,Cheshire East 043D,108224.0268,2260.238961,E05008624,00EQNU,Crewe South,299706.0232,3761.228628
104,E01018490,Cheshire East 046A,625195.7527,4061.402978,E05008659,00EQQH,Wistaston,1730689.007,6756.524985
105,E01018491,Cheshire East 046B,1907231.764,8297.610432,E05008659,00EQQH,Wistaston,5278457.691,13801.42891
106,E01018492,Cheshire East 046C,240119.0492,2672.169071,E05008659,00EQQH,Wistaston,664712.2924,4445.204059
107,E01018493,Cheshire East 048A,480891.0252,4634.758065,E05008652,00EQQA,Shavington,1330157.235,7705.521118
108,E01018494,Cheshire East 048B,2787834.494,8469.616723,E05008652,00EQQA,Shavington,7712530.233,14088.47408
109,E01018495,Cheshire East 048C,1028555.612,6720.05491,E05008652,00EQQA,Shavington,2844631.544,11171.66989
110,E01018496,Cheshire East 039C,289963.8517,4105.959688,E05008625,00EQNW,Crewe West,803116.0573,6832.240311
111,E01018497,Cheshire East 039D,342494.3096,3855.253433,E05008625,00EQNW,Crewe West,948754.0201,6413.239004
112,E01018498,Cheshire East 039E,469617.1065,3278.807891,E05008625,00EQNW,Crewe West,1300921.353,5456.794216
113,E01018499,Cheshire East 038A,703237.943,4101.762601,E05008621,00EQNR,Crewe East,1949041.165,6830.258108
114,E01018500,Cheshire East 038B,271483.8358,3656.245059,E05008621,00EQNR,Crewe East,752248.6034,6085.88632
115,E01018501,Cheshire East 038C,1414191.556,7409.806882,E05008621,00EQNR,Crewe East,3916344.645,12332.63322
116,E01018502,Cheshire East 038D,1511953.913,7293.480688,E05008621,00EQNR,Crewe East,4187292.942,12139.4957
117,E01018503,Cheshire East 050C,638758.329,4453.241747,E05008643,00EQPQ,Nantwich South and Stapeley,1766327.279,7405.893386
118,E01018504,Cheshire East 050D,519395.0233,4543.581752,E05008643,00EQPQ,Nantwich South and Stapeley,1436691.657,7558.048214
119,E01018505,Cheshire East 046D,1842128.782,10908.62307,E05008659,00EQQH,Wistaston,5097055.3,18145.48021
120,E01018506,Cheshire East 046E,437588.6845,3563.071838,E05008654,00EQQC,Willaston and Rope,1211103.292,5929.082649
121,E01018507,Cheshire East 046F,413289.7582,5516.572231,E05008654,00EQQC,Willaston and Rope,1143837.69,9178.318225
122,E01018508,Cheshire East 048D,1400019.089,8008.802627,E05008654,00EQQC,Willaston and Rope,3873191.315,13319.88635
123,E01018509,Cheshire East 048E,473193.1204,3973.134349,E05008654,00EQQC,Willaston and Rope,1309175.028,6608.903646
124,E01018510,Cheshire East 044A,3269169.397,11110.47077,E05008659,00EQQH,Wistaston,9052986.633,18488.93333
125,E01018511,Cheshire East 044B,432815.5255,4337.098344,E05008659,00EQQH,Wistaston,1198474.197,7217.367667
126,E01018512,Cheshire East 044C,426170.1902,4407.689389,E05008625,00EQNW,Crewe West,1180281.387,7335.458246
127,E01018513,Cheshire East 044D,401344.9044,3713.866658,E05008659,00EQQH,Wistaston,1111228.617,6177.766404
128,E01018514,Cheshire East 051E,38742912.13,41392.4114,E05008660,00EQQJ,Wrenbury,106969478.2,68792.12915
129,E01018515,Cheshire East 049C,37469644.23,44977.01896,E05008661,00EQQK,Wybunbury,103429973.2,74730.88913
130,E01018516,Cheshire East 049D,4815450.927,15927.42372,E05008661,00EQQK,Wybunbury,13309696.58,26473.82506
131,E01018572,Cheshire East 012A,4715389.237,10943.77919,E05008610,00EQNE,Alderley Edge,13188886.93,18303.95912
132,E01018573,Cheshire East 012B,1922243.437,8281.4719,E05008610,00EQNE,Alderley Edge,5376168.059,13847.79459
133,E01018574,Cheshire East 012C,874027.2348,8797.557807,E05008610,00EQNE,Alderley Edge,2445021.346,14713.57373
134,E01018575,Cheshire East 013A,470547.8669,4194.842209,E05008613,00EQNH,Bollington,1315689.71,7014.291842
135,E01018576,Cheshire East 013B,1299007.3,5965.281528,E05008613,00EQNH,Bollington,3633316.546,9979.967922
136,E01018577,Cheshire East 013C,1933435.76,8358.894468,E05008613,00EQNH,Bollington,5404085,13980.07027
137,E01018578,Cheshire East 013D,1239477.002,7483.678536,E05008613,00EQNH,Bollington,3465102.869,12512.51326
138,E01018579,Cheshire East 013E,881277.4189,5215.662363,E05008613,00EQNH,Bollington,2463008.908,8718.376613
139,E01018580,Cheshire East 012D,19716661.23,34327.18866,E05008641,00EQPN,Mobberley,55091967.26,57382.09292
140,E01018581,Cheshire East 012E,2962840.632,10028.33137,E05008617,00EQNM,Chelford,8272765.864,16757.75655
141,E01018582,Cheshire East 004A,2435538.029,7569.659469,E05008655,00EQQD,Wilmslow Dean Row,6821235.558,12668.54209
142,E01018583,Cheshire East 005A,535971.2237,5731.315019,E05008655,00EQQD,Wilmslow Dean Row,1501460.745,9593.072788
143,E01018584,Cheshire East 005B,721766.1802,6083.243409,E05008655,00EQQD,Wilmslow Dean Row,2021382.806,10178.92799
144,E01018585,Cheshire East 001A,692333.8831,5803.676448,E05008627,00EQNY,Disley,1941131.26,9718.751728
145,E01018586,Cheshire East 001B,21547779.97,34532.65834,E05008627,00EQNY,Disley,60368804.49,57817.32569
146,E01018587,Cheshire East 001C,1816106.478,7923.171274,E05008627,00EQNY,Disley,5093113.416,13269.53706
147,E01018588,Cheshire East 008A,394906.9374,4509.080316,E05008658,00EQQG,Wilmslow West and Chorley,1105392.018,7543.668263
148,E01018589,Cheshire East 008B,677176.3776,4800.989187,E05008656,00EQQE,Wilmslow East,1895035.157,8030.972479
149,E01018590,Cheshire East 008C,712983.9461,5629.017877,E05008658,00EQQG,Wilmslow West and Chorley,1995421.808,9415.996949
150,E01018591,Cheshire East 020A,41683868.97,37886.21851,E05008628,00EQNZ,Gawsworth,116084750.7,63226.94111
151,E01018592,Cheshire East 004B,905062.8315,5398.631983,E05008629,00EQPA,Handforth,2537657.314,9037.839018
152,E01018593,Cheshire East 004C,2896722.943,9006.557678,E05008629,00EQPA,Handforth,8118676.97,15076.49666
153,E01018594,Cheshire East 004D,297864.3769,3535.495947,E05008629,00EQPA,Handforth,835101.3218,5920.094149
154,E01018595,Cheshire East 004E,503664.7668,4500.037637,E05008629,00EQPA,Handforth,1411668.831,7533.810088
155,E01018596,Cheshire East 004F,368081.3433,2949.357263,E05008629,00EQPA,Handforth,1031231.964,4936.869756
156,E01018597,Cheshire East 020B,58773331.93,53482.13591,E05008628,00EQNZ,Gawsworth,163895888.6,89318.68962
157,E01018598,Cheshire East 007A,35033008.07,42399.3655,E05008631,00EQPC,High Legh,98103815.3,70952.34252
158,E01018599,Cheshire East 007B,2036401.145,7109.962584,E05008631,00EQPC,High Legh,5707694.33,11903.20488
159,E01018600,Cheshire East 006A,4670442.855,11777.45828,E05008656,00EQQE,Wilmslow East,13071688.22,19705.2745
160,E01018601,Cheshire East 006B,411276.973,3629.600398,E05008658,00EQQG,Wilmslow West and Chorley,1151435.675,6073.051264
161,E01018602,Cheshire East 006C,1131583.65,7805.53002,E05008658,00EQQG,Wilmslow West and Chorley,3168854.744,13062.69848
162,E01018603,Cheshire East 010A,582045.1744,3877.493405,E05008632,00EQPD,Knutsford,1627469.408,6485.201958
163,E01018604,Cheshire East 010B,599599.9796,4187.920753,E05008632,00EQPD,Knutsford,1676822.771,7003.869716
164,E01018605,Cheshire East 009A,2503493.466,8469.563346,E05008632,00EQPD,Knutsford,7005356.991,14165.87361
165,E01018606,Cheshire East 010C,654408.8252,5330.134828,E05008632,00EQPD,Knutsford,1830524.892,8912.727171
166,E01018607,Cheshire East 010D,2911749.471,11086.74736,E05008632,00EQPD,Knutsford,8140862.161,18536.20999
167,E01018608,Cheshire East 010E,976844.6746,6007.330372,E05008632,00EQPD,Knutsford,2731666.026,10045.24954
168,E01018609,Cheshire East 009B,518595.2785,5239.770125,E05008632,00EQPD,Knutsford,1450643.556,8764.026513
169,E01018610,Cheshire East 009C,407816.4698,3689.109458,E05008632,00EQPD,Knutsford,1140746.017,6169.661122
170,E01018611,Cheshire East 009D,897676.5388,5967.536794,E05008632,00EQPD,Knutsford,2511742.245,9982.9565
171,E01018612,Cheshire East 005C,655349.7201,5600.442509,E05008657,00EQQF,Wilmslow Lacey Green,1836298.515,9375.380141
172,E01018613,Cheshire East 005D,351215.2622,4057.844623,E05008657,00EQQF,Wilmslow Lacey Green,983878.9958,6790.562456
173,E01018614,Cheshire East 015A,436404.8918,3397.187073,E05008615,00EQNK,Broken Cross and Upton,1218349.517,5675.858551
174,E01018615,Cheshire East 017A,452950.4658,3022.113101,E05008638,00EQPK,Macclesfield Tytherington,1264641.653,5048.395543
175,E01018616,Cheshire East 017B,671136.4947,4610.217396,E05008615,00EQNK,Broken Cross and Upton,1873746.768,7702.318022
176,E01018617,Cheshire East 017C,377508.7547,3341.776818,E05008638,00EQPK,Macclesfield Tytherington,1054244.053,5584.0071
177,E01018618,Cheshire East 015B,350238.9279,3306.10113,E05008615,00EQNK,Broken Cross and Upton,978003.994,5526.078623
178,E01018619,Cheshire East 015C,1300801.129,7178.198527,E05008615,00EQNK,Broken Cross and Upton,3632432.448,11995.64126
179,E01018620,Cheshire East 015D,1271538.355,6308.346667,E05008615,00EQNK,Broken Cross and Upton,3551563.25,10546.62915
180,E01018621,Cheshire East 015E,294335.9955,3862.763826,E05008615,00EQNK,Broken Cross and Upton,821676.886,6451.123777
181,E01018622,Cheshire East 018A,184922.7551,2804.974792,E05008634,00EQPF,Macclesfield Central,516198.5779,4686.480322
182,E01018623,Cheshire East 018B,173987.9644,2745.59721,E05008634,00EQPF,Macclesfield Central,485548.6439,4586.264877
183,E01018624,Cheshire East 018C,562824.866,4717.407696,E05008634,00EQPF,Macclesfield Central,1570956.056,7881.223298
184,E01018625,Cheshire East 018D,128658.3004,2375.387717,E05008634,00EQPF,Macclesfield Central,359054.272,3967.692858
185,E01018626,Cheshire East 016A,699081.5411,6359.495421,E05008635,00EQPG,Macclesfield East,1951298.131,10623.78758
186,E01018627,Cheshire East 018E,390778.3864,3949.142856,E05008637,00EQPJ,Macclesfield South,1090473.379,6595.790996
187,E01018628,Cheshire East 016B,2181742.11,9121.985722,E05008635,00EQPG,Macclesfield East,6088469.116,15232.533
188,E01018629,Cheshire East 016C,647182.681,4543.583759,E05008636,00EQPH,Macclesfield Hurdsfield,1807041.539,7594.26154
189,E01018630,Cheshire East 016D,245905.9062,4009.733126,E05008636,00EQPH,Macclesfield Hurdsfield,686572.5585,6699.337285
190,E01018631,Cheshire East 016E,791769.6877,5377.055884,E05008636,00EQPH,Macclesfield Hurdsfield,2211474.309,8989.577438
191,E01018632,Cheshire East 017D,476931.2528,3793.063646,E05008639,00EQPL,Macclesfield West and Ivy,1331107.78,6336.340085
192,E01018633,Cheshire East 017E,404400.2976,4464.528002,E05008639,00EQPL,Macclesfield West and Ivy,1128456.645,7459.211953
193,E01018634,Cheshire East 019A,347143.0171,4866.734053,E05008637,00EQPJ,Macclesfield South,968495.5267,8129.522136
194,E01018635,Cheshire East 018F,437047.3013,3308.951921,E05008634,00EQPF,Macclesfield Central,1219480.671,5526.108088
195,E01018636,Cheshire East 018G,368653.6748,3236.694504,E05008637,00EQPJ,Macclesfield South,1028498.494,5406.044365
196,E01018637,Cheshire East 021A,1025206.723,5351.251819,E05008637,00EQPJ,Macclesfield South,2859434.359,8935.110298
197,E01018638,Cheshire East 021B,1665957.341,8369.953928,E05008637,00EQPJ,Macclesfield South,4645328.028,13979.51794
198,E01018639,Cheshire East 021C,596383.5396,5023.498117,E05008637,00EQPJ,Macclesfield South,1663700.072,8393.016787
199,E01018640,Cheshire East 021D,211437.5777,3448.159825,E05008637,00EQPJ,Macclesfield South,589886.5409,5760.24143
200,E01018641,Cheshire East 014A,480701.4801,3226.73361,E05008638,00EQPK,Macclesfield Tytherington,1342953.008,5393.857059
201,E01018642,Cheshire East 014B,409955.0466,6328.87927,E05008638,00EQPK,Macclesfield Tytherington,1145074.815,10578.22908
202,E01018643,Cheshire East 014C,1188541.019,7380.504628,E05008638,00EQPK,Macclesfield Tytherington,3320912.865,12335.34806
203,E01018644,Cheshire East 014D,505838.3639,5521.282081,E05008638,00EQPK,Macclesfield Tytherington,1412793.802,9228.298404
204,E01018645,Cheshire East 019B,285275.9805,3098.563812,E05008639,00EQPL,Macclesfield West and Ivy,796145.5767,5176.735376
205,E01018646,Cheshire East 019C,457464.8995,4749.298747,E05008639,00EQPL,Macclesfield West and Ivy,1276556.91,7933.009898
206,E01018647,Cheshire East 019D,418340.9209,5189.995966,E05008639,00EQPL,Macclesfield West and Ivy,1167650.42,8668.342948
207,E01018648,Cheshire East 007C,56146153.49,58909.71581,E05008631,00EQPC,High Legh,157274675.2,98586.67361
208,E01018649,Cheshire East 007D,12845272.89,28429.30421,E05008641,00EQPN,Mobberley,35962060.85,47573.45676
209,E01018650,Cheshire East 007E,8520201.229,29712.77107,E05008641,00EQPN,Mobberley,23852949.49,49721.64934
210,E01018651,Cheshire East 007F,9303317.733,17692.71815,E05008657,00EQQF,Wilmslow Lacey Green,26071928.52,29615.3241
211,E01018652,Cheshire East 006D,746780.2686,4546.218821,E05008658,00EQQG,Wilmslow West and Chorley,2091499.47,7607.590707
212,E01018653,Cheshire East 008D,1639002.862,7822.940069,E05008658,00EQQG,Wilmslow West and Chorley,4588923.694,13089.11803
213,E01018654,Cheshire East 007G,39040698.84,47939.68016,E05008617,00EQNM,Chelford,109048140.4,80110.06517
214,E01018655,Cheshire East 003A,619074.4459,4913.801725,E05008645,00EQPS,Poynton East and Pott Shrigley,1735326.625,8228.861091
215,E01018656,Cheshire East 003B,471874.7437,5334.967628,E05008645,00EQPS,Poynton East and Pott Shrigley,1322360.713,8929.119486
216,E01018657,Cheshire East 002A,227461.7065,2597.292255,E05008646,00EQPT,Poynton West and Adlington,637400.6052,4347.949894
217,E01018658,Cheshire East 003C,195709.0627,2186.981195,E05008646,00EQPT,Poynton West and Adlington,548377.8931,3660.411334
218,E01018659,Cheshire East 003D,1991286.024,6508.208961,E05008645,00EQPS,Poynton East and Pott Shrigley,5583766.142,10900.03559
219,E01018660,Cheshire East 003E,516359.739,5970.785822,E05008645,00EQPS,Poynton East and Pott Shrigley,1447075.451,9995.330772
220,E01018661,Cheshire East 001D,3895378.276,12711.38598,E05008645,00EQPS,Poynton East and Pott Shrigley,10919577.81,21284.33083
221,E01018662,Cheshire East 002B,816389.0413,4635.068852,E05008646,00EQPT,Poynton West and Adlington,2288062.383,7760.586331
222,E01018663,Cheshire East 002C,807765.3715,4458.20508,E05008646,00EQPT,Poynton West and Adlington,2263787.594,7465.528935
223,E01018664,Cheshire East 002D,1852419.772,9061.923253,E05008646,00EQPT,Poynton West and Adlington,5194556.78,15176.65414
224,E01018665,Cheshire East 002E,616987.8429,7617.369597,E05008646,00EQPT,Poynton West and Adlington,1729807.231,12754.64454
225,E01018666,Cheshire East 011A,4972496.675,21535.80131,E05008647,00EQPU,Prestbury,13897382.84,36000.2524
226,E01018667,Cheshire East 011B,13348785.07,28911.20904,E05008647,00EQPU,Prestbury,37347472.55,48357.50952
227,E01018668,Cheshire East 011C,17343126.61,25526.01512,E05008646,00EQPT,Poynton West and Adlington,48545500.14,42706.78771
228,E01018669,Cheshire East 020C,37171224.88,40879.14224,E05008653,00EQQB,Sutton,103914698.1,68372.70216
229,E01018670,Cheshire East 020D,66122380.56,43940.01371,E05008653,00EQQB,Sutton,184268199.3,73352.74195
230,E01033372,Cheshire East 050E,277075.5313,3343.633462,E05008642,00EQPP,Nantwich North and West,766642.2312,5560.608643
231,E01033373,Cheshire East 050F,598398.4867,7112.753756,E05008642,00EQPP,Nantwich North and West,1655432.783,11831.20131
232,E01033375,Cheshire East 049F,434089.2495,3867.312286,E05008643,00EQPQ,Nantwich South and Stapeley,1200506.114,6431.72938
233,E01033376,Cheshire East 049G,157081.2202,2495.210216,E05008643,00EQPQ,Nantwich South and Stapeley,434484.8871,4149.225436
234,E01033378,Cheshire East 049H,11745394.97,24136.31405,E05008643,00EQPQ,Nantwich South and Stapeley,32461965.81,40119.92829
